id,avis,note,reponse_proprietaire
avis-001,"Excellents gyros. Bien sûr, le service est raide, c’est fermé pour on ne sait pas quoi, mais on s’en fout. On n’est pas à saint lambert, pas besoin de courbettes. Amenez votre monnaie papier.",5,"We are close to opening day,we thank you for the 5 stars and can’t wait to serve you again. As with  service we sent the employees to a winter anger management course and I think they will be calmer this year, thanks"
avis-002,"Vous nous avez manqué! Les meilleurs poutine a la viande , on a bien hâte de vous visiter.",5,"We’ll be opening up on the 27 th of February 2025 and looking forward to seeing you and all the poutine lovers. Are away on vacation and are recharging the batteries for another year at LA LIGNEROUGE ,LOL thanks for the stars again"
avis-003,It's just famous so go eat there but bring cash no debit,5,Thanks for the stars and review
avis-004,La nourriture est bonne et pas chère. Ouvert dans la nuit. Mais le service est mauvais et certains employés ne sont sympathique du tout.,4,"You are right, but sometimes you just can’t have it all , thanks for the reminder and the stars"
avis-005,Comme dans le temps . Merci d’être de retour . Toujours aussi bon,5,Merci Randy
avis-006,Legends!,5,thanks for the stars
avis-007,Très bon la poutine viande!,5,Ricky Merci pour les étoiles
avis-008,"Bon snack service rapide le personnel est sympa. Les frites sont bonnes et le pita aussi.  Seuls points négatifs, la propreté des locaux et la qualité de la viande.",3,Merci Marc on va essayer des fêtes notre meilleur
avis-009,Lots of food and so delicious. Cash only!,5,Thanks for the review Alana. Hope you will enjoy it for years to come.
avis-010,The gyro here is the best in town.,5,thanks for the stars and the review
avis-011,Best Souvlaki in Montreal. Easy accessible by metro. Fantastic service. Best gyros in town.,5,"Thanks jennifer,we're always happy to serve and hear from you"
avis-012,"I feel like people leaving bad reviews about the service are the same ones who expect bus drivers to smile and say hello to every customer. All the times ive been there, i say hey, i pick my stuff, we nod. i pick up my food and we nod again. Its good ""junk"" food, thats what matters to me. When i feel like eating 2 hotdogs and a hamburger, I pick this place.",5,You da MAN!!!!
avis-013,"Super bon kebab ! Les portions sont généreuses, les prix sont vraiment raisonnables, et la qualité est au rendez-vous. Viande savoureuse, pain bien frais, et tout est bien assaisonné. Une excellente adresse pour un repas qui cale bien sans se ruiner. Je recommande !",5,Merci pascal
avis-014,"Popped into this place tonight for the first time after craving a poutine and it was INCREDIBLE. The fries were crispy, layered with thick cheese curds, and delicious gravy.

The portion size was huge and the prices are good. The grill & prep area were very clean.

It’s cash only & the two gentleman working are focused on making the tasty food, not to chat. All good, will be back.",5,Thanks for the great review ANTONIO. Don’t forget to tell your friends about it.
avis-015,"Excellent resto grec pour déguster des gyros. La viande est tendre, juteuse et super savoureuse. Les frites maison sont délicieuse (pas salées alors on peut choisir la quantité de sel). Les pitas sont frais, tendres et moelleux. Un must!! Attention par contre, argent comptant seulement",5,Merci pour les bons Revieux Marianne
avis-016,"As classic as it comes. Casual spot for Greek grill fare, which is a personal favourite. Guy taking the order is a bit gruff but the elder man serving the food was very nice. The quality of the food speaks for itself. Really good tzatziki too. Conveniently located near the metro.",4,"Thanks for the review and the stars
"
avis-017,The best Greek Souvlaki (food) in Montreal…!!!!,5,Thanks bro
avis-018,Usually I come to order for take out. Best wrap in town.,5,Thanks for the stars bro
avis-019,Je n'ai pas aimé assisté à une chicane entre les deux seuls collègues et le non sourire du cuisinier. Mais la poutine était bonne.,3,I know what you mean happens all the time. Sorry you had to see that we’re working on it.
avis-020,"Bon restaurant le gérant très accueillant, l’aidant de cuisine aussi. Le cuisinier un peu brusque mais nourriture très bonne et prix très interessant.",4,"Thank you, Rawa"
avis-021,"this restaurant is located at a very convenient location, just across the jean coutu that is close to the jean talon metro station. it was very clean on the inside, and the atmosphere during the day is amazing. i would recommend sitting closer to the window.

the food we ordered was amazing. the shawarma meat wasn’t dry like many other places i’ve been to. the fries had quite a sweet, but not too distinct taste to them.

the restaurant owners were very friendly.

will be coming again!",5,"Thank you for the kind words, looking forward to seeing you again, opening just 2 days before march"
avis-022,"Pas super bon, le service vraiment pas top, personnel pas aimable et les prix très cher pour un simple donner kebab",2,"Oops, maybe a bad day?"
avis-023,"Great food. They call it Döner tho and don’t even spell it right: „Doner“, and that’s on the menu of greek specialities",5,Thanks for  stars and the comment Moritz
avis-024,Meilleur souvlaki de la ville,5,Merci Allan!!!
avis-025,"Montreal Iconic place, Every Greek place serving souvlakis should aspire to be them, Don’t go to Souvlaki Bar, Marathon Souvlaki or whatever the F there is. ligne rouge is your one stop.",5,"Well like they say- the people have spoken-and the winner is,, hey give me the envelope, thanks for the comment and the stars"
avis-026,Great food with Luigi and Mario! Respect and one love.,5,Thanks for the stars bro
avis-027,"Meilleure poutine de Montréal, addictif !!",5,Merci valentine
avis-028,"Portion was decent, but nothing special considering the price and the fact that it's cash only (14,5$ + tax for 2 pork doners). They're a bit stingy with the toppings (barely any onion or tomato or lettuce), except for the tzatziki sauce, which is the one good thing.",3,"sorry about that , don't be afraid to ask for more next time
thanks for the review Melody"
avis-029,"Le restaurant était sale.Il y avait des reste de nourriture sur les tables et à même le sol.Le pire c'est que j'ai trouvé des cheveux dans mon repas.C'est clair que je n'irai plus là-bas même si on m'offrait un repas gratuit.Anyway, j'espère qu'ils vont s'améliorer.",2,sa arriver des fois  sorry
avis-030,Allez y.,5,Thanks for the stars Daniel
avis-031,"I give this a 2.5 I grew up eating in this place, went away when COVID hit . Came back and the gyros are smaller, dry meat. Soggy fries NOT at all what it used to be.  This place used to be FIRE GOOD juicy. Best gyro in the city for sure.  Cash only and all I used to didn't care for that.   Hopefully they come back as they used to.  Many new places open up and are very good.  (Reply) No sir it was quite open, sad instead of inviting again you come with a joke. Your gyro is DRy and small at 2pm during the day",3,Maybe you came when we were closed????
avis-032,"Généreuses portions, le gyro était excellent, la poutine à la viande également. Service rapide. Si vous avez aimé la Ligne Rouge il y a 10-20 ans, retournez-y ! C'est encore pareil! Votre côté nostalgique vous remerciera ;)",5,"thanks for the review sebastien,but don't wait 20 years to come back LOL
"
avis-033,Best gyros I have tasted on the city,5,Thanks for the comment Sebastian
avis-034,Toujours aussi bon et le service est 💯💯💯👌🏾,5,Merci Marie
avis-035,Suite a une feu ... Bref! Enfin ils sont de retour! Le meilleur gyros du quartier Petite patrie allez y !,5,thanks for the encouragement
avis-036,"Quick and tasty. I rate service as 5 stars but it's not for everyone haha
I've known these guys for years and it was great to be back after moving away from Montréal 12 years ago!!",5,"thanks for the review Hugo,coming back to montreal and coming to la lignerouge maybe will make you stay in montreal!!!!"
avis-037,"Unique and very tasty, delicious food always for the best price in town, sometimes you wait in line too much time better be prepared for it but its worth it, best porc!

LGTBQ friendly, please be respectfull when kids are around the area.

Everybody is wellcome.",4,"thanks for the stars Dvg, tell it like it is brother!!!!"
avis-038,Cash only... horrible,1,"we'd liked to know what went wrong,, maybe we could fix it
thanks for the comment"
avis-039,Just went here to get fries got a medium and it was filling staff are super friendly I will be coming back here to try other stuff,4,thanks glad to hear you liked our fries
avis-040,La bouffe est excellente le décor laisse a désirez les employés pas trop accueillant mais les gyro sont délicieux ainsi que les frites,4,"We take that as a complement, it’s hard to work in a restaurant 
Thanks for the stars and the  we’ll send out the memo"
avis-041,"Amazing gyro, shawarma, etc. And the fries are truly great.

And for the people whining about the cook in the reviews... I honestly think it's part of the charm 😂",5,thanks foe the stars and the comment
avis-042,"Le gyros est le meilleur que j'ai mangé ! Les frites sont très bonnes aussi.
J'y retourne aussi souvent que possible !
Ne vous attendez pas à un décor 5 étoiles par contre. Une visite vaut la peine.",5,Merci marc-andre
avis-043,Food is good. Been a customer for a while,5,Thanks for the stars the van Tran
avis-044,"Absolutely delicious kebabs! The chickenwas tender, the veggies were fresh, and the sauce was just perfect. Quick service and friendly staff too. Will definitely be coming back for more! Make sure you bring cash tho!

(CASH ONLY)",4,Thanks for the stars and the kind words— the staff
avis-045,Really good doner and food. They only take cash. One of the only places that closes late at night if you ever need to grab something to eat. The worker may be rude but you don't go there for the service or vibe. Just the food,5,"Thanks Michael, that’s so true"
avis-046,Le gravy goute la soupe au tomate mais l’atmosphère est incroyable pis des bons doner,5,Thanks for the stars and the comment  Romain
avis-047,"J'ai été pour la première fois à la ligne rouge suite à la recommandation d'un ami et après la réouverture du restaurant. Le menu est diversifié pour un fast food de ce type pour tous les budgets. J'ai opté pour une Poutine à la viande. La Poutine était vraiment bonne. Je recommande ce restaurant proche par le métro Jean-Talon. PS Ils prennent seulement de l'argent comptant.

I went for the first time eat at ""la ligne rouge"" after the recommendation of a friend of mine and the reopening of this place. The menu offers a lot of options for a good range of budget. I opted for meat poutine. It was really good. I recommend this place. Moreover, it's near of Jean-Talon station.
Ps Cash only",4,"Thanks for the stars Jean, we are glad you liked us"
avis-048,Ça vaut le détour super bon ;),5,Merci Marlene
avis-049,My family has Been going there for 30yrs !!!cheers to my brother who loves to eat poutine . I ordered the trio chicken doner with cayenne pepper lol  and I replace my fries 🍟 for a poutine . I couldn’t finished half of  it…. I was full. These men works hard . Congrats,5,"Thanks for the stars and the review, hope to see you again soon"
avis-050,Love love love. So happy they're opened again.,5,Thanks for the stars and the review you are the best
avis-051,"C'est fou comment ils sont bêtes avec les clients, mais c'est vraiment bon.",5,Thanks for the stars Antoine
avis-052,"5* for the food, 3* for the service & ambience.
There's this one guy... rude for no reason and has that ""I'm always mad"" resting face. The others are very friendly and welcoming.",5,"Thanks for the stars, sorry about that guy but good help is hard to employ"
avis-053,I wonder if someone else can do the same. This is the place to go for a piece of Greece on your plate. I just happen to like it for the last 35 years and counting…,5,Thanks for the stars and the review S.I.
avis-054,"Service from the all 3 employees were impeccable.
Super simple give your order, tell them if it’s all dressed or not & bam get & pay for your food. Mind you their food beats, Marathons, Village grec & Marvyns. I had ordered a #1(1 Gyro porc pita trio) & a #7(2 Gyro Porc Pitas). I also got a comfortable portion of fries with the trio for my girlfriend & I. I’ll be definitely be returning & bringing family and friends.",5,Thanks for the stars and the review Stanson we’re happy you had a good time .see you soon
avis-055,"Great “hole in the wall” spot in Montreal where the locals know that the food is good and keep on going back. There’s a lot of comments about the service. Personally, you don’t come here for the decor or the service. You come here for the food. If you are expecting a service with a smile, go eat at a restaurant. Just go in grab what you need and leave. In the end, you will have delicious tasting food. Unless someone recommended this place to you, you would probably never walk in. The haters can hate, but there’s always a line, so the food is good and in the end, that’s all that matters. Combo #1, which is a pork pita with a generous portion of fries and drink with a garlic dipping sauce is popular. So is combo #7 which is 2 pork pita. Cash only, so if you don’t have cash, go get some before heading in. There’s also little to no parking and the wait could be long due to the popularity. There are tables inside if you want to eat there, but you order and then get your order and sit. This is more a take out join than a restaurant. I would recommend it for the food.",5,Thanks bobby for the stars and kind words we really appreciate your comments and as long as la lignerouge is open we will try to make everyone happy thanks again
avis-056,Une institution!,5,Merci Mathieu!!!!
avis-057,"La nourriture est savoureuse et delicieuse, les meuilleur souvlaki de la ville 10/10, mais le service à la clientèle est a travailler, les employeurs ont toujours une attitude derranger, peu accueillante. J'y retourne quand meme à chaque fois, mais l'experience pourrait etre meilleurs.",4,"Merci pour les étoiles Jennifer on va essayer de correcter notre attitude, mais des fois c’est difficile"
avis-058,"On ne se rend pas compte à quel point un resto peut faire partie de notre vie jusqu'à sa fermeture. C'est ce qui m'était arrivé avec La Ligne Rouge, resto qui a fait parti de ma vie pendant longtemps. Nous arrêtions après nos soirées alcoolisées pour bouffer de bons souvlaki ""donners"" dans ce resto sans prétention.

Puis, soudainement, comme beaucoup de restos pendant la pandémie, la Ligne Rouge est disparue. Mais voilà qu'elle est de retour. Même personnel sympathique, avec en tête le même gars avec sa moustache en poignée de bicycle qu'on voyait sur la vitrine! Personnel qui est toujours super occupé et un peu bourru mais des gens qui tiennent à leurs clients. Je suis toujours super bien servi.

Ne vous attendez pas à un resto ""jeune et tendance"". Le décor a pas vraiment été refait. La série de tables est un peu inconfortable. Avec si peu de clientèle, il serait temps d'aérer ça! Changer le décor un peu. Pour le paiement: cash only!

Maintenant, parlons de la bouffe.

LA BOUFFE! Pur délice! Les pita ""donners"" au porc sont tellement sur la coche! Savoureux avec des épices simples. C'est inimitable. Les bonne grosses frites faites maison. Pas de surgelé, des VRAIES frites.

Le menu est relativement simple, mais c'est exactement ce qui explique le succès. Nous sommes beaucoup de fidèles de ce resto. J'oserais dire que c'est une institutions montréalaise au même titre que Schwartz’s, Wilensky, Orange Julep, etc...

La Ligne Rouge est un petit trésor et un des secrets cachés de notre ville. Je n'ai aucune idée sur le proprio actuel entrevoit de la relève, mais vaut mieux en profiter maintenant, au cas où ça fermerait à nouveau!",5,Merci pour les étoiles pis merci pour toutes Martin On va être la première mars pis on encore ici pour une autre année notre 43e
avis-059,Came here during my visit to Montreal in Summer 2023. Absolutely delicious poutine and great for people watching at night :) Thanks again. Mike from the UK.,5,"You the man, Mik"
avis-060,"Très bon ""gyro pita""avec super grosse portion de frites maison. 😊😊😊",5,Merci Linda
avis-061,"LEARN TO UPDATE THE HOURS. Wasting people time just by leaving a voice mail that says “come on in we’re open”. Not one time but 4 times fooled us in the past 2 weeks. If you’re closed for the holidays, updates the hours UNEDUCATED OWNERS!!!",1,"I won’t even bother to answer you. I’ll send you the memo next time , sorry bro"
avis-062,"Nous avons été accueillis assez brusquement par le cuisinier, avec un regard de déception pour chaque client qui franchissait la porte. Ne laissait pas le temps de répondre qu'il criait par dessus pendant ta commande sans te laisser vraiment le choix de choisir ce que tu veux comme ingrédients....

Aide cuisinier simpa, ne semblait aucunement impressionné par l'attitude du cuisinier.

Le monsieur a la caisse, bien aimable, laissant place à un peu d'humour dans l'environnement inconfortable que procurait le cuisiner.

La nourriture laissait un peu à désirer, c'était définitivement pas le meilleur de gyros que j'ai mangé.",1,"Sorry,,,,,"
avis-063,"The place is dirty. CASH ONLY but there is an ATM in the middle of the place so you dont have an excuse not to have cash on. The bathroom... no comments. There were three guys:

The cashier - the first impression is the one of a retired biker however he was very respectful and kind gentleman.

The latino guy - Excellent customer service and very kind and nice. (Im sure he won't be working there too long. He deserves way much better)

The chef (and the owner?) - I know you will be reading this: If you dont want to work.. then DONT!! you were in a bad mood. Screaming to the clients with a bad attitude. You were mad just because we asked you at what time the restaurant closes. You were mad because we made our order and answered ""THAT WILL BE 15 MINUTES"" you were mad because we were waiting for our order and said: For here or to go? And we answered: ""For here"" which was replied with: ""Go take a seat than""

The food was not the big deal. My wife and friend could not finish their meal. I finished it because I was too hungry and was the only place we found in the area that was not about to close.

Chef, you say there wont be a free drink next time? Actually I paid for the drink and my friend didnt want it. And... there wont be a next time.

I have to give you credit however for being honest and giving us back the purse that my friend forgot in there.

And at least i've been laughing out loud reading your responses to the reviews. I can listen to your voice while reading it.

NEXT!!!",1,
avis-064,"I love going there, every time I go back to Montreal I make sure I stop there.
They are great people!",5,Now this is the stuff we love !!! Thanks for the stars and comment
avis-065,La poutine était très bonne :),4,"Merci pour les étoiles, et le comment"
avis-066,Le gars qui prépare la bouffe avec ca grosse air bête devrait changer de job et ca leur tente pas aux autre employer de lui dire que ca la pas d’allure son service qu’il donne aux client il faudrait peut-être qu’il comprenne que si il n’aurait pas de client qu’il aurait pas de job,1,Merci Chantal i faut le dire je  va le dire
avis-067,"This is the best gyro in Montreal.
A staple of this city that no one should sleep on.
Good prices, cash only.",5,Thanks kevin you the man
avis-068,"First time, eating there so I love theirs foods. It's nice and cozy.",5,"Thanks for the stars Marco, come again soon Marco. We’ll be opening again on the 1rst ofMarch"
avis-069,"The best souvlaki in Quebec and poutine with meat i drive 1 hour back and forward just for the best souvlaki, been eating here since 2003.",5,You the man!!!! Bro
avis-070,Jais vraiment aimé mon experiance,5,Merci Francisco
avis-071,So tasty!,5,Thanks for the stars Steven
avis-072,Ricos zulakis,5,Thanks for the stars Yeraldito
avis-073,Delicious as usual!!!,5,Thanks Germain
avis-074,"so glad you're back guys! Congrats to all of you still share your food with us. I know La ligne rouge"" since more than 28 years. Everyone should try your souvlaki, the best ever!",5,Thanks for the stars Octa and your review
avis-075,"Rien d’exceptionnel, tout juste mangeable. J’avais eu de bons retours concernant la bouffe et j’ai été très très déçu. Sans parler du cash only qui pour moi est inadmissible. Trop de bon resto dans le quartier, je n’y retournerai pas",3,"thanks for the stars but sorry about your comment, clearly you haven't eaten in too many places"
avis-076,"A staple in Montreal. Easily the best doner in town. Great value for the price.

You'd think a business that's been around this long would have bad service, but the two guys behind the counter are always nice and efficient.",5,Thanks for the stars and the kind words
avis-077,"Amazing delicious gyro, the best in the city.The fries are excellent! So dam good I've been twice in a week!!
On top of that served by two great guys who are always super nice.",5,Thanks for the stars and the comment
avis-078,Meilleure place à Montréal pour les Gyros et souvlaki pita 😍 je connais cette endroit depuis plus de 15 ans 👌👌😍🤤,5,Merci Julie
avis-079,So happy this is reopened! Best Doners in Town hands down,5,Thanks nikolas
avis-080,Genuine,5,Thanks 10
avis-081,Great Gyro and Staff,5,Thanks Tony
avis-082,Was severely disappointed with the quality of the food. Had a bad stomach ache afterwards.,1,"We are very sorry to hear about your experience, you never know sometimes your body cannot handle some spices, we only use the freshest ingredients"
avis-083,I was in shock holy$&%€😂😂😂😂 like never had a good poutine in so long I can't believe my mouth !!!,5,"Thanks for your comment, we try to make the best food possible, we  love to hear comments from happy customers, thanks"
avis-084,Best of the best,5,Yea baby!!!!
avis-085,amazing ima go back,5,thanks a lot  DR
avis-086,the best souvlakis I tasted . and very good attention .,5,thanks ricana
avis-087,THIS PLACE IS LEGENDARY. EVERYTHING IS GOOD.,5,thanks rickey D
avis-088,"I heard many good reviews at La ligne Rouge. I went there around 9h30 p.m. I got the poutine, a pita, and the burger. The staff seemed in a rush even tho there weren't many people. It was my first time, and I felt unwelcome due to the fact that I was taking my time to choose. The price is average and so is the cleaness of the store. Food is ok. There were too many Tzatziki sauces in the burger and the pita. The fries were soggy, and the sauce was too salty. The portion is big. They only accept cash. If not, there is an ATM in person.",3,"thanks  diana ,its been hektic lately and we are understaffed but we should be ontrack by this week , do come back and specify the amount of tzatziki you want in your sandwiches because you arte one of the few people who want less tzatziki in there food"
avis-089,Best Souvlakis in town,5,thanks jason
avis-090,"My favourite Pita place in Montréal ever, not only the food but it’s my souvenir Pita joint the first days of my new life in Montréal 35 years ago , I’m so glad they have reopened after a few years closed .I love this place and wish them all the best.",5,"thanks for the comment Hung,we appreciate your business and look forward to serving you for years to come"
avis-091,Les donner sont excellent !!+,4,thanks Ruth
avis-092,J’ai été déçu de ma visite à se resto beaucoup de gras dans mon sandwich au poulet j’ai vraiment pas apprécié,3,"sorry, everybody has bad days, let us know when you come back and we will replace the sandwich"
avis-093,"Love it sooo much I grow up❤
With this💎 restaurant 💎",5,thanks Sade
avis-094,"Best souvlaki in Montreal, cash only but I don’t care for this restaurant it’s worth it",5,thanks cathrina
avis-095,"rude staff, food very mid, found a nail in my food WOULD NOT recommend!!!!!!",1,maybe it was - I won't even bother to respond tooth's review
avis-096,"Super rude owners, payment only by cash and honestly mid food. Would not recommend…",1,too bad what did you do to deserve this kind of treatment?
avis-097,"J'y suis allé plusieurs fois en fin de soirée après des spectacles ou d'autres événements quand j'habitais pas très loin du restaurant et j'ai toujours été très satisfait, peu importe ce que j'ai commandé.",5,thanks nicolas
avis-098,"Glad you opened again, great food as always.",5,thanks terry
avis-099,"Toujours aussi bon, j'y vais depuis 35 ans!😏😋",5,thanks louis-philippe
avis-100,The meat smells funky but the poutine was good.,3,"don't know what to say,,,, can't please everyone I guess"
avis-101,One of the worst poutine I've ever had. Cook your fries more,1,"sorry someone got confused and thought that you had to underfry the fries, the problem has been resolved now,thanks for the info"
avis-102,"Omg... washing their tables and cleaning the washroom will do them a favor. C'mon, it's a restaurant.",2,"good help is hard to find, next time you come call us we'll clean up your space"
avis-103,"Amazing place! No words. Food, the guy knows how to do it.",5,"thanks for the stars, this kind of reviews are what make our job worthwhile"
avis-104,"Quelle belle surprise, meilleur gyro grec en ville, portions généreuses et fait avec beaucoup d'amour du travail bien fait. Viande extrêmement savoureuse, tzatziki super et beaucoup d'épices-merci!",5,"thanks for the stars and the comment
"
avis-105,"Employés en tabarnac, mais bouffe toujours au rendez-vous et viande très juteuse. Bonne chance pour trouver une meilleure poutine dans un rayon de 1-2km.",5,thanks for the stars
avis-106,"Ma facture s’élevait à 26$ pour deux trios. Comme le restaurant n’acceptait que le cash, il fallait en retirer d’un ATM sur place, sauf que la machine ne m’a donné que 20$ pour des frais de 2$50. Pour le reste du montant, c’est-à-dire 6$, il fallait aller à la banque RBC à côté et retirer un autre 20$ pour 3$ de frais bancaires !!!! Quand j’ai exprimé mon mécontentement au gérant vis-à-vis de cette situation, il m’a tout simplement dit de ne plus revenir ! J’écouterai son conseil .",1,"next time bring cash, what do you want us to do?don't be a cry baby"
avis-107,"Le restaurant n’est  pas tres propre et les repas laissent à désirer
Le restaurant n’accepte que le cash et la machine ATM ne donne pas assez d’argent donc il faut se déplacer à la banque à côté pour en retirer davantage si la facture l’exige. Pour un trio de 12$ vous risquez de payer plus de 5 $ de frais bancaires . N’y allez pas !",1,stick to your spiderman job
avis-108,Buena porción de papas y taco,4,thanks for the stars Mamau
avis-109,"Payment by cash only. Came at 10pm

Pros: good food and meat, open late, great price

Cons: wrap bread a bit hard on one side, payment by cash only, bathroom is closed for use, guy who is  making food has a slight rude tone.",4,"thanks for the stars,good help is hard to find, do you have anyone who is willing to work?"
avis-110,"Ceux qui connaissent la ligne rouge avant c'est la même ligne rouge maintenant. La nourriture n'est pas salée, mais le sel est à côté des ustensiles. La nourriture est bonne, le service est rapide. Les tables sont crochent, mais c'est comme ça. Ceux qui reviennent sont nostalgique. J'ai bien mangé pour environ 20$ j'ai eu un gyros au poulet, une grosse poutine et un Pepsi fontaine.",5,thanks for the stars and the nice comment Sokhorn
avis-111,Meilleur gyro a montreal et de loin,5,thanks for the stars Selim
avis-112,"Always have to say
This is the place that sells the best Souvlaki food
Of course, there are many delicious dishes here too
I've been eating here since I first arrived in Montreal (Canada).
And now I have been a regular customer for nearly 30 years
During the Covid epidemic, this restaurant was closed for more than 2 years.
I'm really happy to see the restaurant back to work today
Thanks and see you again!
This restaurant's name is
Ligne Rouge
Located on Jean Talon
Right at the intersection of St-Denis",5,one of our best reviews ever thanks Ann!!!!!
avis-113,Je me permets de dire qu’ils vendent les meilleurs gyro HANDS DOWN 🙌🏾,5,thanks Eztelle
avis-114,"This is our favorite souvlaki place since forever! It was temporarily closed during and after covid, and I can't tell you how many times we've checked their website and called to check if they re-opend. Well, they finally did, and it was as good as ever! I'm also addicted to their fries and poutine, but the souvlaki is just insane! It's a tiny place and not the most romantic, but the food is amazing, and I still prefer it when my hubby brings me there compared to a bunch of fancy places!",5,thanks for the stars  Alexandra
avis-115,Food is good but the man taking orders is very rude .,4,"you""re right Amelia, but good help is hard to get thanks for the stars
"
avis-116,"C'était bon ce que j'ai mangé, je pensais pouvoir payer par carte de crédit mais le resto n'accepte que le paiement en liquide. Le guichet charge des frais onéreux, je me suis fait charger des frais 2,25$ plus des frais de réseau de 1,50$ sur 20$. Je trouve que les frais sont abusifs. La caissière passait son temps à mépriser des gens lorsqu'elle parlait avec les 2 membres du personnel qui travaillent dans cuisine et j'étais content de la voir partir.",3,"thanks for the stars Gabriel, now you know ,bring cash next time, by the way its not us charging network fees, thanks again"
avis-117,"Excellent food quality, tasty and filling at a good price.

Service was above and beyond, the staff remember their clients and treat them with care and respect.

The clientele seems to be abundant at all times and there are televisions for the customer's entertainment.

I would come back for more! Cheers!",4,"thanks for the stars, and the kind words"
avis-118,Besttttt,5,thanks for the stars
avis-119,"Great food,  good prices very tasty gyro.

Atmosphere lacking and dated",5,"thanks for the stars george, didn't get paid enough to change the decor"
avis-120,"The food was acceptable, the place was dirty and the guy taking the order had a bad attitude with every customer, was banging the drinks on the counter, was disrespectful to the clients. Luckily they have the guy with the white long hair, because hes putting a bit of joy in the air.",2,"you're right about the guy taking the orders, he is rude and sometimes inconsiderate of other people, we  have no choice but to keep him cause there's no one to take his place,-good help is hard to find"
avis-121,"Cool, il manque seulement de la bonne bière 🍻🍺, parce-qu'avec le numéro 6 du menu du menu une bonne bière serait parfaite à la place du Pepsi",5,Thanks for the stars and the support
avis-122,One of the best place for gyro in Montreal,5,thank you zymba
avis-123,The previous Review was a wrong press on the stars wanted to press the 5 but pressed the 1 Star by mistake,5,thanks for the stars Maria
avis-124,Si il y a une place où il faut aller pour manger les meilleurs souvlaki au poulet en ville cest l'endroit par excellence!! La nourriture est vraiment bonne ils offrent un bon service a la clientèle. Donc venez jeter un coups d'oeil je vous le recommande!!!!!,5,"Thanks for the comment,we try to make sure everyone gets the quality and service they deserve, thanks for sharing your experience"
avis-125,"J'attendais la réouverture depuis longtemps, pour les commentaires sur la poutine. Bien que les portions soient généreuses, je suis resté sur ma faim, ma copine aussi est resté avec un sous-Marin sur l'estomac. Le service est presque absent. C'est ok sans plus. Était-ce une mauvaise journée? Je ne m'y risquerai pas à nouveau.",3,"sorry , we would be happy toaccomidate you somehow if we can, just come in and tell us about your bad expeirience and we will try to fix it"
avis-126,Simply the best,5,thanks Charalabos
avis-127,"Les gyro étaient vraiment bien! Les meilleurs que j'ai mangé a date.

La poutine n'était pas super, je vous suggere de manger vos frites seules.

Le service est pas top non plus, la madame remonte un peu le niveau mais le chef semble pas content d'avoir des clients ^^'

Aussi, le restaurant n'accepte pas les cartes... il y a un ATM a l'interieur mais c'est un peu poche...",3,"thanks for the stars and the comment,but it is what it is"
avis-128,Ils sont super sympa.,5,"Thanks for the stars and the comment, we love you all"
avis-129,Asked for chicken got pork. Gyro was decent.,3,thanks for the comment Jonathan
avis-130,I been going there for years. And the quality and taste as always been just perfect. Love this place. The portions are great and the food is great.,5,thanks bro
avis-131,👍👌,5,thanks
avis-132,"Amazing food, come tuesday-thursday to avoid a long line",5,thanks Alexander
avis-133,Great tasty food and excellent service. The guy doing the food is great. Good prices. Remember they only take cash!,5,thanks for the info and the stars Yokasta
avis-134,best pitas!,5,thanks Anon
avis-135,"Although the guy making thr souvlakis is the worse, I rate 5 stars to that institution because the food is phenomenal and the guy at the cash is amazing",5,"thanks for the stars and the comment Don, by the way what time did you come?"
avis-136,"The gyro is to die for. It’s so good, you can’t just eat one without wanting a 2nd one. The fries are homemade. They taste really good.",5,thanks for the stars Duc
avis-137,"I came tonight I ordered,,and because I spoke in English your cashier didn't liked and kick me out like skilo and screem that you are in my country and others havy words manoli and your brother told me it's my wife she can say enthing she like very disappointed and originaly wee are from the same city",1,"sorry to hear that bro, but sh----- happens, you must of did something to explode the situation or she was having a bad day, sorry again"
avis-138,Best doners in mtl,5,thanks for the stars and the review
avis-139,"On attendait le retour de la ligne rouge depuis longtemps. Les fameux gyro, la poutine à la viande. Les frites sont toujours aussi délicieuses. Complètement rénové mais rien à changer. Toujours le légendaire boss a sa place, argent comptant seulement sinon y’a l’ATM. La même Télévision qui diffuse des images des plats de du restaurant en diaporama. Le service est rapide et tout juste courtois.",5,"Merci pour votre réponse, merci, merci vous êtes très gentil"
avis-140,"Great food 💯
Great staff 🤣👍🏻",5,Thanks again David
avis-141,"Service un peu long car très populaire et seulement 2 cuisiniers. Toutefois,  l'attente en valait le coup.",4,Thanks for the stars and the comment
avis-142,"Nothing's changed, thank god.
The food is as amazing as before & the prices haven't increased by much; $15 for a full plate!",5,Thanks for the stars and the comment
avis-143,Excellent fast food pour les petits cravings tard le soir. L’attitude du chef rajoute du piquant dans le repas: c’est comme ça qu’on sait que c’est bon!,5,Merci pour les étoiles
avis-144,Meilleur resto de pita au Québec,5,Merci andres
avis-145,"Excellent food , BEST GYRO in town, really glad they re opening",4,Thanks for the stars and the comment
avis-146,"NUMBER 1 DONER MEAT IN MONTREAL, THE POUTINE IS THE BEST IN THE WORLD WITH THE ONLY TRUE VEGAN GRAVY IN MONTREAL!!! KEEP UP THE GREAT WORK GUYS!!!",5,Thanks choupi loupi
avis-147,"Le meilleur , tellement bon que je n'ai peu eu l temps prendre une photo car miammiam ye!! Dans mon ventre!
Sa vaut la peine",5,Merci maggy
avis-148,"If your looking for small hidden gem in the heart of Montreal, this is the spot. Just quick, tasty, amazing flavor",5,Thanks for the comment
avis-149,"On les attendait depuis longtemps! Heureusement sont la! Nourriture 10, service 10, ambiance 10, prix 10!!!! Merveilleux retour, merci Ligne Rouge!",5,Merci beaucoup Lore
avis-150,Best poutine in town,5,thanks for the post luc
avis-151,Excellent pita au porc !! 10/10,5,Thanks Vince
avis-152,Addictive,5,thanks for the stars and the review
avis-153,Legendary,5,thanks for the stars and the review
avis-154,Best souvlaki place ever!,5,thanks for the stars and the review
avis-155,Je suis contente que vous avez réouvert le meilleurs souvlaki que j’ai mangé,5,thanks for the stars and the review
avis-156,J adore ce resto à 150%%%,5,thanks for the stars and the review we love you too!!!!
avis-157,Super good,4,thanks for the stars and the review
avis-158,Delicieux! Grosse portion,5,thanks for the stars and the review
avis-159,"La Ligne Rouge the Best In town , Food is amazing and owners and workers are very kind to everyone if you dont know What to eat take your car and drive there you wont regret",5,"thanks for the stars and the review, your words are too kind"
avis-160,"Happy that this Ligne Rouge has made its return! Had a couple of gyros this weekend and it hit the spot. This restaurant is a classic. Delicious, memorable and affordable (cash only resto) . A go-to for anyone and definitely would recommend anything from their menu!",5,Thanks for the stars AL we love you guys
avis-161,Il faut attendre un peu,4,thanks for the stars and the review
avis-162,le bhay est trop Gyu bdv,5,"thanks for the stars and the review, what ever you said"
avis-163,Delicious! the best gyros in Montreal. After long time I am eating but never change the taste.,5,"thanks for the stars and the review, even for us it has not changed- lots of work!!!!"
avis-164,"Best place for Doner and Chicken souvlaki in Town. They also have regular poutine or with meat, cheeseburgers, hot dogs and submarines. They take only cash so bring some.",5,thanks for the stars and the review
avis-165,"Selon moi, ce sont les meilleurs gyros à Montréal. Mais mon dieu que le service est de la grosse m****!!! On avait l’air de le déranger carrément. Air bête total! 10 pour la bouffe mais 0 pour le service à la clientèle…",3,"thanks for the stars and the review, sorry about your negative experience, we are trying to change"
avis-166,"I've tried a lot of Greek food in mtl and it is definetly on par with the good ones. However, slightly too greasy, as the paper was all oily. The old man was nice.",4,"thanks for the stars and the review, in a few more years we will all be old men and women"
avis-167,"Ça l'air que je suis tombée sur un hotspot. Beaucoup, beaucoup de monde, ça a pris au moins 20 minutes avant qu'on prenne ma commande mais oh my god que c'était bon! L'attente en vaut tout simplement la peine! C'est pas cher pour ce que c'est et les employés sont vraiment enthousiastes. Dommage que j'habite loin... 😋",5,thanks for the stars and the review
avis-168,"Excellent ""Donner"" sandwich.  Frite et poutine super bon. Je recommande",5,thanks for the stars and the review
avis-169,"Updated review March 2023! The best doner in Montreal is back!!

======

Favorite go to place for junk food. Their Doner pita is just amazing, right ratio of meat, tzatziki, etc.  Love their potato fries as they are using a very sweet variety.  I am glad that this place is still open as I have been eating here for the last 30 years and beside the prices nothing have changed. It definitely bring back some good memories!  Cleanliness and service of some staff members could be better.  Please try the poutine with meat. Out of this world.",5,thanks for the stars paul
avis-170,"Had the gyro burger and it was amazing. The trio with fries and a drink for 15$. Quantity and quality is way better than at the big chain restaurants around.

Service is the same as always (no-nonsense and direct, hate it or love it).

Lacks a bit of atmosphere (no music, no TV) but they just reopened, so I'll give them a pass.",5,"thanks for the stars and the review, we got the TV working!!!"
avis-171,"The food was amazing, service is a little slow, but totally worth the wait 👌",5,thanks for the stars and the review
avis-172,"So glad I stopped here. Food is great, staff and regulars love to have a chat. It really is the perfect late night spot.",5,thanks for the stars and the review
avis-173,"Believe the hype. The pita bread is super fresh, the porc is juicy, and it's quite cheap for what you get. Oh and the guys are super nice. Cash only!",5,
avis-174,Classique montréalais. Le Meilleur Döner à Montréal!,5,
avis-175,Meilleur souvlakis EVER !!!! ENFIN ILS SONT OUVERTTTT !!!!,5,
avis-176,The best !!!! By far !!!,5,
avis-177,"UPDATE (MARCH 2023) LA LIGNE ROUGE IS OPEN AGAIN!!!! HOORAAYYY!!!

Can't wait until you reopen - you're one of my favourite restaurants in Montreal, La Ligne Rouge is the greatest, a treasure!! Good luck with everything and wishing you all the best.",5,Thanks for the stars and the kind words
avis-178,I've been going since the 80's and we have missed them for the years they closed. I'm so glad they're back.,5,
avis-179,"Ils sont enfin ouverts après les rénos!

J'adore cet endroit, les souvlakis sont toujours parfaits et la sauce à l'ail pour manger avec les frites aussi!! Le service est rapide et les employés sont tous sympathiques sauf un qui travaille le soir. Ouvert tard pour les trips de bouffe, mais cest le midi que c'est mieux d'y aller pour être sûr d'avoir du poulet.",5,merci beaucoup louis!!!!
avis-180,Il est de nouveau ouvert :),5,
avis-181,"La ligne Rouge is open now. I don’t know since went but today I pass by and see the line up about 30 peoples waiting to pass the order. And about 5 to 6 car in the front door with hazard.
So happy for them. I know that all montreal people was waiting to come back there.
I may try to pass by a other days.",5,
avis-182,"Best Greek gyros in Montreal.
It's open again ☺️",5,
avis-183,The king is back!!!,5,
avis-184,Opening soon ?,5,Opening 2nd March
avis-185,"Salut Harry, j'ai tellement hâte à la ré-ouverture, il n'y a aucune place que le doner est bon, j'ai découvert la ligne en 1984 et depuis ce temps je suis accros. Au plaisir de te revoir!
Stephane",5,
avis-186,Je suis vraiment triste que le resto sois fermé quel nostalgie quand je pense à ce resto j’espère qu’il va réouvrir je donne à ce resto un 110/100,5,
avis-187,"Food is good but the cook is a total turn off... I've even seen him wipe his nose and sweat off his head and go straight back to cooking, I can probably get over that cus were human and it ain't gonna kill me but his attitude towards clients is terrible, completely disrespectful even pulls faces sometimes... during the renovation they should build a wall between him and the clients so there's no interaction... the other guys are amazing, friendly and respectful.",4,"Sorry you had to see that, we got to see him every day , like they say— good help is hard to find 
Thanks for the stars Jeffrey
"
avis-188,When will the restaurant re-open???,5,
avis-189,Quand est ce que ça ouvre ? Vos hordes de clients fidèles sont impatients,5,
avis-190,"Qu'est ce qui se passe vous étiez supposé ouvrir le 2 février 2023 on est le 14 février et plus rien ne bouge à l'intérieur.
On as hâte à cette ouverture 😉",5,
avis-191,Vous est deja ouvert ?,5,thanks for the stars eileen
avis-192,Best gyros in town!!! Its been a while hope you guys re open soon!,5,
avis-193,"Can't wait for la ligne rouge to open!

Do you have an opening date ? I see you wrote feb 2nd but you're still closed. Will you be opening soon ?
😊",5,Thanks for the stars Britney
avis-194,"Cest un restaurant a ne pas manquer. Le doner est excellent   succulant! Sa donne toujours le gout d'en manger un 2em puis un 3em .  Cest pas un restaurant chic mais le but dy aller nest pas l'ambiance  mais  plutot de sy déplacer pour y goûter l'un des meilleur doner a montréal ,si ce nest pas le meilleur . A mon avis  cest le meilleur. Jai vraiment hâte quil réouvre",5,"Thanks Diego, you da man!!!"
avis-195,Hey are you guys opened?,5,Thanks for the stars and the support
avis-196,last time i was there was in 1996 and i still smell the donair and burguers,5,
avis-197,Est ce que vous allez reouvert ?,5,"No we are going to get going on rebut soon , thanks"
avis-198,"Restaurant conviviale et familiale. Ma mère et mon père y allaient depuis des années et c'est a mon tour. Quand je veux un bon gyros (le meilleur en ville) j'y vais. Puis j'amène des nouveaux clients aussi. Very good. My mother and father went there for years now. Now I'll go there everytime I want a good gyro (I mean the best in the city) and I bring some friends too.
Thank you very much for all these years. Waiting for you to open up. Haven't go for a while before you close. But I'm looking for to come back when you'll be open again.",5,
avis-199,I'll be there on February 2nd. I can't wait!!!,5,
avis-200,So are you opening soon or not?,4,We are officially opening on the 2nd of February 2023
avis-201,Meilleur souflakis!! Hâte que ça reouvre!!!!!! (Une date precise? ),5,2fevrier 2023 c’est officiel
avis-202,Wow!!!   C’est rouvert??,5,Oui 2fevrier
avis-203,"Rating will always be 5 stars, just looking for an update I need a pita!",5,"2nd February, we’re opening"
avis-204,"Hey guys! Mr. La Ligne Rouge. I didn't want to bother you so I decided to stop calling for updates when you said the windows were going in on Oct 5th. Any good news for me? I have friends from Ottawa waiting for the great re-opening!!! Anyway, I've known this place since my childhood and La Ligne Rouge definitely makes the best souvlakis ever.",5,"2nd of February, it’s official"
avis-205,What are the updates? Cant you just get a new location or order new windows since you ordered the other windows last December 2021 and it’s almost December 2022! 😂 cancel the order on those windows those people are playing too much! I miss the food dude we are getting hangry!,5,"the windows were ordered December 2021,and the order is noy finished,it's 10 Oct  2022. thanks for waiting!!"
avis-206,"Do u gonna open this year ??
I miss u!!!",5,2nd of February
avis-207,love this place! when will you open again?,5,"As soon we can get our windows that have been ordered last December, thanks for waiting"
avis-208,"Every time I want to feel young again,  this is the place to be and eat. Brings me back to my high school days! Can’t wait till they reopen to bring my husband and boys there to eat!!",5,Thanks for the stars and the great review
avis-209,"The best, can’t wait for it to open",5,"thanks for the stars,and the paitience"
avis-210,My grand mother and my mother use to take me there when i was 4-5 years old and it was the best gyros i ever tasted and growing up i got out of the city but i was still going to this place anytime i wanted good gyros a couple years later in 2019 i went back again 25 years later and it was still good and it brought me memories of when i was a kid cause this place is just that good i cant wait till its open again you guys are amazing and my mom still tells me stories of how good it was when i was a kid thank you for staying open and  i will take my kid to pass it to another geberation🙏🏽🔥🔥,5,"thanks for the stars,and the paitience,and the post,we will be open soon,can't wait to see you"
avis-211,When are you opening? I am dying to eat the best of the best pita in Montréal no cap! :(,5,"thanks for the stars,and the paitience,and the compliment"
avis-212,J'ai tellement hâte que ça rouvre. Je crave un bon gyros depuis trop longtemps,5,Soon come
avis-213,Best gyros in town!! Are you really opening up again? Can’t wait!,5,"Very soon thanks for the stars, and your patience"
avis-214,"Des clients fidels depuis longtemps !!! Aujourd hui je suis passer devant , en esperent sa sois enfin ouvert ! 😮‍💨 , et ce nest pas encore le cas malheuresement , est ce que vous avez une nouvelle date douverture? Depuis lincendie je voie que les vitres on encore les planches de bois , comme ci les renovations navais pas commencer? , a bientot ! 🙏",5,Ont commencé les travaux mais on la misère de trouver des matériaux j’avais reçu la moitié des vitres et je manque une frigo. Mais je pense que trois ou quatre semaines ça va être assez merci et scuse pour le délai
avis-215,When are you officially re opening? This place is great and im missing it.,5,"We are missing it too!!!! We are having problems with getting our windows as only half of them have been delivered and we are waiting for some pieces of equipment to be delivered, it should be no more than 2 more months, thanks for waiting and we appreciate your patronage thanks"
avis-216,Impatiente comme une enfant à la réouverture du meilleur Doner en ville! ❤,5,thanks for the stars and the patronage
avis-217,The only doner worth mentioning in Montreal is officially reopening! This is excellent news!,5,"Thank you very much for your enthusiastic post!!!! Yes it’s true, although we don’t have a set date it should be in the next few weeks, everything is on track and we are also excited that the day is coming up soon.
We will be posting the opening date as soon as possible.
Thanks for the continued patronage,,,,,,
THE MANAGEMENT"
avis-218,Cannot wait for the reopening! Will definitely be the first clients 🤭,5,thanks for the stars  and the continued support
avis-219,By far the best souvlaki in Quebec. Just sad they closed down.,5,thanks for the stars and the positive review
avis-220,"Best gyros in town (it's about the bread!) Miss you guys, hope you come back soon, Daniell.",5,"Thanks for the stars James, we miss you too, opening soon"
avis-221,"The food is awesome!
I’ve been going there for so many years and the taste doesn’t fade just gets better every time I get the feeling it’s the first time I eat there and also awesome people!!! I can’t wait for this place to open back😩🔥Hope to See you real soon !!!! ♥️♥️",5,"thanks for the stars opening by 24 June 2022, Well that was the plan! But unfortunately there is a labour shortage and we can't get our windows delivered till august, and we are missing some equipment, but we will try to open by the end of july even if it means that we will be working not 100%"
avis-222,Ouvrer au plus vite!!!,5,thanks for the stars Ray
avis-223,"Living out in the west island , and working out in ville st.laurent area being nowhere near this gem does not make life easy , but after inhaling 2 or more of their donors when I do get the rare chance life is great again. Greasy,salty,savory perfection. Waiting impatiently for your reopening but know will be worth it.",5,We will be opening soon thanks for the review
avis-224,The best gyros in Montreal!,5,"thank you very much, we will be opening soon, and we will try not to disappoint,,,,thanks for the stars"
avis-225,It's a great restaurant. I remember going here with my mom every time we were in the area. The ambiance of the restaurant was so cozy and the decor really took you back to the era of 50's diners. I do hope you guys are able to reopen one day. It was a truly fantastic place. The staff was always very nice and the food was really good.,5,"we will be opening soon, probably for the summer ,,,,thanks for the stars
Daniell"
avis-226,"le meilleur resto on attend pour vous.
el mejor los esperamos.",5,it shouldn't be too long from now thanks for the stars manuel
avis-227,When are you going to reopen? I miss the donners and fries.... haven't found better in montreal,5,"We hear you!!!!!!! we will be opening soon. it will open by june the latest, thanks for the stars gervi"
avis-228,Mon resto préféré pour les gyros. J’attends avec impatience votre réouverture. Est-ce que ce sera cette année?,5,"The way it looks because of COVID it will take a bit longer to open, but rest assured we will be opening up as soon as possible. Thanks for the waiting.  The management"
avis-229,"Comment oublier cette place, qui cuisine le meilleur souvlaky ever . La clientèle est très déçu de voir que le restaurant prend beaucoup de temps à ouvrir ses portes à nouveaux. Cela fait 2 ans et demi qu'il est fermé,le deuil est dure pour nos palais 😎☹️☹️😭😭😭.",5,Ça prend du temps mais on va l’ouvrir bientôt ça va prendre un autre 2-3 trois mois encore. Merci pour l’attente. Merci pour patienter
avis-230,Best gyros in town. My first stop whenever I come to Montreal. Been eating there over 10 years. I really hope they will re open soon.,5,Thanks for the stars Sakkoma
avis-231,"At this point i dont think they will ever reopen, i can say it was definitely the best doner in town",5,"we will open up again, it’s because the insurance is taking there time to pay up"
avis-232,Meilleur place à souvlaky en ville .. j'y vais depuis mon enfance :) Propriétaire très familier et accueillant !,5,Thanks for the stars Cynthia
avis-233,any updates on the re-opening date ?,5,"Soon we promise, thanks for the patience"
avis-234,"Mtl's best doner, can't wait for them to reopen",5,"Opening for sure by at least this summer, thanks for the stars"
avis-235,"Best place I've eaten in Montreal

Meilleur endroit où j'ai mangé à Montréal

Mejor lugar donde he comido en Montreal

Pls open soon     :D",5,"Thanks for the stars NGU we appreciate all our costumers who are patiently waiting for La Lignerouge to open,  thanks again"
avis-236,Best poutine AND souvlaki in Montreal. Nice guys working. Can’t wait til you reopen. We will be there. Hang in there!,5,"thank you for the support, we will be opening in about 2 months, so we all have to hang in there"
avis-237,is it open now?,5,Sorry not yet but soon
avis-238,"The food is delicious, the workers are all supper friendly. Can’t wait to get my hand on a donner!",5,"thanks for the review, we at la lignerouge are impatiently waiting for the start of renovations to op[en once again to the public and all the customers like you who can't wait till we open, i'ts as hard on us as is is for everyone waiting on the side lines for us to open,. Just a little while longer, we're getting there, and don't forget  la lignerouge will open , thanks
management"
avis-239,I feel heartbroken because i miss that place sooo much. Hope they will be back soon.,5,"It’s been a while with COVID and everything, but we had an unfortunate accident and we are going to rebuild as soon as possible"
avis-240,the best place in town can’t wait to come to eat again 😊😊😊😊,5,"thanks, we will be opening again soon, probably by September ,god willing"
avis-241,Love this place I have known the family for years always served with a smile and the food well it's to die for you must go there. 😘,5,"Thanks for the complement, we are rebuilding as soon as the insurance comes through"
avis-242,Quand allez vous re ouvrir?,4,"probably by September , its moving slow but it's getting there"
avis-243,"Il se passe quoi avec eux?

Ils vont revenir bientôt ou pas?

Je m'ennuie  du gros gars qui a toujours l'air de pas vouloir être là hahaha!",5,"We are coming back, we will be opening up soon"
avis-244,Ils me manquent énormément j’espère qu’il réouvriront très bientôt.,5,we will open probably by September  thanks for waiting
avis-245,"The BEST souvlaki you can have in Montreal. Don't let the looks deceive you. The food is great, the staff is friendly and it's just overall the best comfort food you can have when you need some cheering up! Hoping they open soon!!",5,Thanks for the kind words
avis-246,"I really hope they reopen, they have the best souvlaki in Montreal. Such a nostalgic place to go to, my mom used to bring me all the time when I was a small child.",5,We appreciate your support and business
avis-247,"Les meilleurs sandwich doner en ville, la sauce est excellente et leur prix est comme l’entreprise Brick, c’est à dire imbattable! Sans parler du service moustache des cuisinier derrière le comptoir caisse, ils sont géniaux et gentils.",5,"thanks brother, see you soon,probably by September"
avis-248,"Been going here for over 25 years and still the best doner in town.  My friends and I call it ""Two Shakes"" because when preparing the doners, they add what I believe is oregano and paprika from 2 shakers.  My mouth is watering just thinking about it.  I really hope they re-open soon because I've had multiple cravings for the doners and there is just no equivalent anywhere.",5,"thanks tommy, we will be opening soon, the doners are coming"
avis-249,"you’re missing out if you haven’t tried la ligne rouge. they have the best poutine and doner in town. gravy not too salty, boiling hot, melted cheese curds. perfect comfort food during winter.. or any season to be fair",5,"thanks nocap, we'll be opening soon"
avis-250,"Love this place, i will go again when they reopen once this covid thing gets under control.
Tonight i ordered gyro from a chain (the Pita Bar) and the taste is just not the same, tzaziki is bland like they were afraid of making it too garlicky.
I hope la ligne rouge will get to open soon!",5,soon come!!!!!!!! thanks Joy
avis-251,"Pourquoi fermer, sans le mentionner sur Google, alors qu’il a toujours été possible de commander à emporter ? #PetitCoeurBrisé",1,"sorry about the# broken heart but no one knew what was coming, sorry we let you down ,but we are going to reopen as soon as we finish renovatimg,see U soon"
avis-252,Update your hours in Google maps. It’s really disappointing to find out that it was closed when I got there after a 30 minutes drive.,1,"sorry bro ,you know us older guy's arent too good with internet, and can't find how to modify  on google, i've tried but could'nt do it. Just tell us your complaint when we open and we will try to make you a special or something"
avis-253,I used to eat here all the time since the 1980s and the souvlaki pita is delicious along with the onion rings and fries my regular meal.,5,Thanks for the stars Massimo
avis-254,Tres bon,4,Merci Denis
avis-255,"La meilleure place, le goût est exceptionnel",5,"Thanks for the stars, and the kind words, we are hoping to see you soon. Give it about 2 months"
avis-256,Nous sommes en Pandémie ..... il prend l'argent avec c'est main et retourne cuisiner sans les laver ou minimun les désinfecté avec du purel pas de mask rien ...   extrêmement déçu il ont été dans mon top un resto depuis mon adolescentes et je suis a 46 ans et plus jamais j'y retournerais,1,"Sorry about that, but like they say, you can’t teach old dogs new tricks. If we see you again just complain in person and we will accommodate you"
avis-257,Jadore leur souvlaki et mes souvenirs d'enfance sont là,5,We love to see all our loyal customers from the start of their gastronomic journey from the start of their lives
avis-258,La meilleure poutine !,5,Merci Marie
avis-259,Bonne nourriture. Mais le staff n'est pas toujours accueillant.,3,"True,but it's tough to serve so many people each day,.at least the food makes it worthwhile....thanks for the stars"
avis-260,"Poutine with the pork is bomb, the souvlaki was boom, fave spot to go to for poutine",5,"Thanks K , you're the best"
avis-261,Wow laye snack,4,Thanks for the stars
avis-262,"If there's a place that every body should go eat especially on the run, it's at LA LIGNE ROUGE it's just the best,  since my teenage years I've been going.The owners are friendly respectable people and best cook.",5,"Thanks for the kind words ,thanks for the stars"
avis-263,One of the best  gyro pita!,5,"thanks, see you soon"
avis-264,Les  gyros sont vraiment bons mais l'huile de la friteuse devrait être changé.,3,OK we'll change it for you. Thanks for the stars
avis-265,Best Souvlaki in the city,5,thanks for the stars papirazzi!!!!!
avis-266,Souvlaki,5,"thanks for the stars,and the paitience"
avis-267,Meilleur souvlaki en ville plus de 30 ans que  je vais la bas,4,
avis-268,"Love la ligne rouge, have been going there for years",5,
avis-269,Service rapide  et les souvlskis sont excellents.,5,
avis-270,"Super doner, je vais y retourner assurément!",5,
avis-271,Good late night snack after the drinks since they're opened late.,3,
avis-272,Food is always great.,5,
avis-273,Top of the top! Jy vais depuis plus que 15 ans!,5,
avis-274,Super awesome brilliant,5,
avis-275,"Les meilleurs mais vraiment les meilleurs souvlakis en ville. Jueux, une délicieuse  saveur inexplicable. Faut essayer!",5,
avis-276,A combination of good flavor and best services make this restaurant a good place to comeback.,5,
avis-277,Always at it's best,5,
avis-278,Par ce que c bon 😀!!!,5,
avis-279,"Meilleur Doner à Montréal
Le gars qui fait les doners est une légende, toujours souriant et agréable on sent qu'il est passionné pas son travaille

Sincèrement ça vaut le détour",5,
avis-280,Very tasty Greek fast food. The staff's conversations are very entertaining and they are interesting characters,5,
avis-281,"Busy place even at 9pm. Great food, friendly and fast service. I was able to  watch the hockey game on there t.v.",4,
avis-282,"ima go for several years
Always a pleasure
ima go back for sure",4,
avis-283,Cooks don't wear gloves. For me it's unsanitary,1,
avis-284,J'aime beaucoup dommage qu'il on changer les frites à Poutine,4,
avis-285,Definitely coming back. The meat was delicious and the bread was perfect texture.  Friendly staff!,5,
avis-286,Best poutine in MTL,5,
avis-287,Best pita in town! 🙏,5,
avis-288,Best gyros meat I have ever tasted in Mtl!! ** I went there a few weeks ago **,5,Thanks for the stars and the great review but you do know that we are opening on the 31st Jan 2020
avis-289,"On n'y va pas pour le mobilier, mais bien pour un souvlaki bien gras et des plus goûteux.",5,
avis-290,Mon meilleur gros depuis 28 ans déjà !,5,
avis-291,Assiette généreuse,4,Thanks Robert
avis-292,La standardisation est au rendez-vous si vous avez aimer 1fois vs allez tjrs aimer.,5,Thanks for the stars Cold XF
avis-293,"Food is great there, they need to renovate and update the look but the food is on point",5,Thanks for the stars dipa
avis-294,Très bon,5,Thanks for the stars waada
avis-295,Montréal pita Poutine classic,4,Thanks for the stars Samuel
avis-296,u guys are legends,5,"Thanks for the stars ,we greatly appreciate your post ,its customers like you that make us come to work every day, thanks again!!!!"
avis-297,Intoxication alim,1,"I don’t know what went wrong, we only use the best ingredients,.Maybe it was a bad day"
avis-298,"Ever since I was a kid my dad would take be there to eat souvlakis and till thos day their tzatziki is unrivaled. The souvlakis are the best, the meat is good and the service is fast.",5,"Thanks for the stars Maria. We love to hear stories like yours because that’s the truth of the matter, we love to serve you all the time.    See you"
avis-299,"Personnellement, meilleur pita que j'aie goûté!",5,Thanks for the stars felix
avis-300,Muy buenos recomendables 100% y la atención rápida y amables. Good,5,thanks for the stars Roberto you the best
avis-301,Meilleurs souvlakis donner à Montréal.,5,thanks for the stars alain and the complement
avis-302,"Bonne cuisine
Endroit propre",4,thanks for the stars mbappe
avis-303,"Un des cuistots s'est montré particulièrement désagréable, autrement c'était correct, mais un peu cher pour du kebab. La viande n'est pas exceptionnelle.",3,"Sorry, we’ll try harder next time to accommodate you"
avis-304,"The usual gyros place! Good food. Good price, the staff with Original jokes :D let’s do a follow me shot",5,"thanks for the stars juan, and the kind words"
avis-305,Is Harry still there?,4,"thanks for the stars matt, and by the way harry is still here"
avis-306,"I would have loved to try the food I've heard is delicious but alas, when I got there, I found out they only take cash. Ok. Not a problem, there's an atm. Except the atm is broken. Now I don't know if that's a usual thing or if I was just really unlucky, but I have to admit that wasting 30 minutes walking to and from this place at 1 am and returning home hungry and empty handed is pretty disheartening.

Maybe I'll change this review if I decide to try again, but for now, I'll just go make myself a sandwich and wonder how it is that food trucks accept cards, but a proper restaurant doesn't.

Edit: I did end up giving the place another chance (I dropped by the bank beforehand just in case, but it's worth noting that the atm was functional that time). The place was clean and the prices good. The gyro wasn't the best I've had but still very good and worth the trip.",4,"we are very sorry for your negative experience,but in a case like this if you would of explained your situation to the staff I'm sure they or we would of given you credit till the next day ,or week . we've done that before. As for the ATM it wasn't broken ,its that it gets serviced by a company and they probably had some travel or money issues, its rare but it happens some time ,try us another time ,Im sure you will be pleased"
avis-307,"Personnel très gentil et sympathique, mais nourriture assaisonnée bizarrement... Ce n'était pas de mauvaise qualité mais vraiment pas à mon goût.",3,
avis-308,"Funny. Went there, review were good. The machine cash was off. Prefer to call out my order instead of offering me to go to.. next door money distributor.  Lot of in and go for ordinary food. Wont go anymore. Sad... for the reputation...:(",1,
avis-309,"I always have a nice and fast service here.
Best place for a gyros they are honestly so tasty!!",5,"thanks for the stars lucia, love your post"
avis-310,Great meals..amazing services!!,5,thanks for the stars nati
avis-311,Ses degeulasse,1,
avis-312,"Le goût, la portion et le prix",3,thanks for the stars Carlos
avis-313,Best poutine ever...,3,thanks for the stars nathalie
avis-314,"Excellent gyros, the best I've eaten in all my life, the staff is great and everything (I've tasted) is really good.",5,"thanks for the stars dominic,and the great review"
avis-315,Très bon restaurant,5,thanks for the stars nanette
avis-316,bon service et bonne nourriture.,5,thanks for the stars raquel
avis-317,Amazing!,5,We’re happy you had a great time at our Resto thanks for the stars brendan
avis-318,Très bonne.,5,Merci pour les etoites herber
avis-319,hygiène un gros 0 le cuisinier avec les gants dans caisse,1,"You’re right we should fix the problem,but sometimes we forget, sorry patrice"
avis-320,The best in town!,5,thanks for the stars mary
avis-321,the food is always great.,5,thanks for the stars darien
avis-322,"Best souvlakie's and poutine that I ever tried on my life, very good guys 👌🏽 #Malakas 🤣",5,All those stars make us all here wanna get up in the morning...thanks Francis!
avis-323,One of the best doner in Montreal. The guy's attitude is very pleasant to watch,5,"thanks for the stars , i'd like to know which guy you're talking about-day or night"
avis-324,"One of my favourite places where I have fond childhood memories. I was a child the 1st time I came here with my mom. My mommy and I use to come here together often. The food, has always consistently remained the same which is fresh and tasty. And the plates are not small and never have been. They also use to sale extra virgin oil from Greece which was very good too. Not sure if they still do but if so, I strongly suggest purchasing a bottle.",5,"thanks for the stars ,so nice to hear stories like yours ,thats what keeps us going all these years yes we still have olive oil"
avis-325,"An incontournable in Montréal!
Price and taste changed overtime. It's different than what it used to be, but it's still good!",5,Thank you Benny!!!!
avis-326,"Je viens de l'essayer. Les portions sont consistantes (j'ai de la peine à terminer mon plat lol), le prix est abordable et c'est vraiment bon.",5,"Merci oumbe , we love the post"
avis-327,Endroit typique et incontournable,5,thanks for the stars Tania
avis-328,Excellent! Je descend de saint eustache juste pour manger un de leurs délicieux pitas! Keep up the good work guys,5,"merci ,thanks for the post jonathan, keep on coming we love to cook"
avis-329,Good gyro but why the fat guy in  the kitchen always mad😂,4,"thanks for the post jennifer, as for the fat guy he had a hard childhood!"
avis-330,Very impressed by this restaurant! Gyros were very good!,5,thanks for the post Sophia
avis-331,Very good gyro pita,5,thanks for the post frank
avis-332,"Had a beef plate, huge portion delicious and definitely worth the calories.",5,thanks for the post henry
avis-333,Great food great service really miss that big guy that worked in the day time he was very kind and super fast never seen anyone work and talk that fast. He was really something else,5,"thanks for the post Sophie, maybe we;ll bring him back one day maybe"
avis-334,Super👍,5,thanks for the post Espinosa
avis-335,The best slouvaki ever!,5,thanks for the post paul
avis-336,I  have love the food there since a long time ago it's still a must spot to eat when I'm in the area,5,thanks for the post Anika
avis-337,"Having been to Greece, I can confidently say their gyros is as good if not better than the original. Love this place, been coming here for over 20 years.",5,"thanks for the post rafaella, Greece is where I got the recipe"
avis-338,"After seeing the reviews and pictures of this place,  i decided to give it a go with my cousin.  Since walking in there, i started feeling nothing but regrets.  The cashier was very loud and rude,  they use very low and cheap ingredients (such as the cheap kraft single slices on the burgers) and the sauce for the poutine was horrible.  To make things worse they hardly put cheese on the poutine and they charge you a hefty price for what you get.    We both ended up getting a bit sick from the food later.
Also the place looks like it hasnt been cleaned or renovated since they've opened.   All the tables were sticky,  floors were dirty and the place had dust everywhere.

Its very rare and disappointing to see Greeks care so little of their establishment,  maybe the owner is about to retire and doesn't care but i just cannot go back there again.",1,"thanks for the one star Dean, maybe the place was not that clean but the windows are open and customers do leave a mess everywhere but the equipment we cook your food on ,and the quality of the food is always #1, but  like they say you got to take the bad with the good- maybe you're one of those hard to please customers, sorry about the negative experience"
avis-339,I know this place for years and it still one of my favourite places to enjoy a nice and tasty souvlaki. It's not the fancy restaurant but it's always clean. If you have to choose between the subway right next door and this place you should definitely go here.,4,
avis-340,Best doner meat in the city.,5,
avis-341,Toujours aussi bon et goûteux,5,
avis-342,Très bon,5,
avis-343,Très bon mais c pas le Fameux Elatos!,4,
avis-344,The poutine in this place Is amazing! So nice service :),5,
avis-345,Les meilleurs souvlaki,4,
avis-346,Really good shish with a good portion of fries,5,
avis-347,Real Greek souvlaki,5,
avis-348,excelente,5,
avis-349,"Don't expect anything fancy, yet they do have great food and affordable prices. Good option when walking around Montreal.",5,thanks for the stars franklin
avis-350,Excellent,5,thanks for the stars eddy
avis-351,"Best gyro pita in Montreal. Price is very affordable too. Bonus is that it still taste very good at home, just need to put in the oven for a few minutes.",5,we thank you for the stars Vinh and the kind words
avis-352,Toujours aussi bon ! J'y vais depuis plusieurs années maintenant 👌🏾 proprio très gentil,5,"thanks for the stars kim, always good to see U"
avis-353,Meilleur pita a Montréal,5,thanks for the stars jackson we love posts like yours
avis-354,les meilleurs a mtl,5,thanks for the stars sevets we love stars and good posts
avis-355,Excellent nourriture!,5,thanks for the stars mama
avis-356,miam,4,thanks for the stars stephanie
avis-357,Le meilleur restaurant en ville!!!,5,thanks for the stars  mlyne
avis-358,"Bonne nourriture, bon service.",5,
avis-359,Savoureux et rapide!,4,
avis-360,La meilleure place pour les authentique Gyros de Montréal... Coup sure,5,
avis-361,I have been going to this place for years it's one of my favourites. they make the best souvlaki in town,5,we really appreciate the complements desiree thanks
avis-362,Plat super bon Jaime aussi leur piment c'est tout simplement spécial,5,thanks for the stars  bebo
avis-363,Cool,5,Thanks for the stars
avis-364,Late nights in Villeray? Peckish? This place has you covered. Good selection of nocturnal  snacks; the fries are amazing and the gyros are fantastic.,4,"thanks for the stars fernando,its been open a long time,I hope we could stay open for another 38 years"
avis-365,C'est correct et bien consistant malgré la petite boisson en gobelet,4,"thanks for the stars chal , sorry about the drinks, but you could also apt for the refill, its only 50 cents on a small drink"
avis-366,"Decent meat poutine and the staff are always super friendly, come day or night.",4,"thanks for the stars shane,you sound like you like the service, its like a show sometimes"
avis-367,Tasty and plentiful food. Friendly and efficient staff. What more could you ask for?,5,"Thanks for all the complements, we could not do it if it wasn’t for you"
avis-368,I'd relax with the best gyro in town posts. If you're hungry and need something low cost then yes this is a decent option. Don't expect 5 star service but nothing to complain about,3,"thanks for the stars, and the comment"
avis-369,Les donner trop bon et bon service peu être un endroit familiale,5,thanks for the stars charles
avis-370,Jamais déçu !,5,thanks for the stars nicolas
avis-371,Always great!,5,thanks for the stars steve
avis-372,"As always, the food was delicious.! Keep in up!",5,thanks for the stars ernesto and the kind words
avis-373,C est Super bon,5,thanks for the stars lionelsakura and the kind words
avis-374,"Best doner, best gyro in town hands down. Friendly staff, quick service. The most remarkable thing is that after all these years they always manage to control the quality of the food. This place never disappoints.",5,"thanks for the stars vincent ,with reviews like yours makes us want to keep the place open for another 40 years"
avis-375,"Service ordinaire, mais la nourriture vaut le détour!",4,thanks for the stars jacob
avis-376,"Nothing wrong with the place , been coming there since senior highschool",5,"thanks for the stars jacky, love the review thanks"
avis-377,Solid and consistant,5,"thanks for the stars jacques, 5 stars makes us want to work harder glad you like it"
avis-378,"Hand down, best Doner in town!",5,"thanks for the stars rabih , you tell it like it is!!!!!"
avis-379,Deliciosas pitas,5,"thanks for the stars simon, we love customers like you"
avis-380,Mia mia,5,
avis-381,"I came here 35 years ago and loved it. I went last week and the same owner is still there, still smiling and friendly and the food is a good of not better! Very decent prices with generous portions. I hope they stay in business another 30 years!",5,
avis-382,"J'espère que je ne vais pas avoir une infection , dernière fois",1,allez dans hopital svp
avis-383,My husband has been going here since he was a kid and I finally tried their food and I have to say I am addicted he always said they had the best food in mtl and he was right if i could give 10 stars I would.,5,"thank you for the comment and the stars, what took him so long to bring you?We are always looking forward to serving new customers"
avis-384,"Service vite, tres tres bon 😋",5,thanks for the stars humberto
avis-385,Meilleur donner au monde :),5,merci ter4646:)
avis-386,Really good Souvlaki and burgers,5,thanks for the stars michael
avis-387,Good food for accessible price.,4,thanks for the stars  alicia
avis-388,Best souvlaki in the city! The place is not fancy but the food is amazing!,5,thanks for the stars and the encouraging comment always happy to serve you
avis-389,Délicieux,5,thanks for the stars Kentya
avis-390,"Generous servings, good food, fast and friendly service.",4,thanks for your generous coments
avis-391,J ai toujours aimé la place bon service et bonne bouffe mais malheureusement un cuisinier au cheveux gris à gâché mon experience car il devait réglé ses différents avec l'employé qui fesait mon repas donc j ai du attendre que monsieur finisse sa scène pour avoir mon repas .....heureusement le gars qui ma servis a bien fait ma bouffe,2,"sorry carlos,thanks for the stars,we have to send our employees to customer service school"
avis-392,Pas tres propre et service à la clientèle limite,1,"there are bad days for everyone, sorry alioune,we will try to fix the problem,thanks for the comment"
avis-393,"Ouvert tard, on aime!",4,thanks for the stars  the norm
avis-394,"Gros, si j'avais une seul chose a bouffer avant de mourir ca serait la poutine avec les deux viandes de chez La ligne rouge. Juste trop bon dans yeule. Le staff est nice, les prix sont decents pis la moustache du boss est juste trop epic. J'vous conseil n'importe quoi sur le menu ,c'est un vrai regal! Vraiment  un beau ptit joyaux de la petite italie vous serz pas decu! Bon appetit!",5,"thanks for the stars  Dom, we always try our best we love your review"
avis-395,Fast and tasty,5,
avis-396,I love this place. They've got the best gyros in Montreal! Their baklava is also really really really good,5,
avis-397,Poutine!!!,5,
avis-398,Gyro exellent   ....la sauce de ma poutine avais 0 gout,3,
avis-399,Service courtois et les plats sont appétissants,5,Merci Cedric!
avis-400,"No problem with the staff. But man, i asked for a pita and got one that was dry and tasted worse than mediocre.",2,
avis-401,Easy good food all the time. Great for a late night bite!,5,
avis-402,Ouvert tard et agréable. Il faut s'habituer au caractère unique des employés.,4,
avis-403,Best place for this type of food!,5,
avis-404,"Good and big plate of doner kebab at reasonable price, I will come back when I am super hungry!",5,:D
avis-405,L'endroit est mal propre et le propriétaire est très impoli. Aucun respect envers les gens. Il lance des insultes à ses clients.,1,
avis-406,Döner,5,
avis-407,"Great place for doner and their poutine with meat are delicious. They are also open late, so a great place to go for a late meal.",5,Thanks for the stars and the review. I know it’s a little crazy answering you 5 years later but your comment was hidden
avis-408,"Poutine traditionnelle 6.95$
Poutine au poulet 9.00$",4,
avis-409,"Good place for late night food, but don't expect quality",3,
avis-410,les 2 fois où je suis allé ce n'était pas très propre et l'ambiance n'était pas amicale avec le personnel qui se chicanait entre eux.Bouffe moyenne,2,
avis-411,"Excelente restaurante libanes, económico, muy rico y con porciones generosas, definitivamente regresaremos.",5,
avis-412,"Great food, nice staff.",5,
avis-413,L'endroit était tellement sale que nous avons décidé de trouver un autre restaurant,1,
avis-414,Delicious gyros!!,4,"thanks for the stars lucrecia ,and your post"
avis-415,Très bon,5,"thanks for the stars nelson, and the post, we're glad you liked our food"
avis-416,Excellent !!! Meilleur kebabier à MTL,5,
avis-417,Bon,5,
avis-418,"Food is good and price is ok. The only issu is the attitude of the staff. The lady at he cash register and the guy that takes the orders seriously lack client service skills. Both are  very rude. Hygiene is another issue, there are flies all over the place. In addition to all this, they only take cash.",1,"we are glad you liked the food, as for the rest, like they say -good help is hard to find,,thanks for the comments, we will try to right them"
avis-419,"This place is decent diner fare but, barely earns a two star rating. The fries are the soggy, homecut variety so points for that if you're into that kind of half-mushy, twice-fried mess. The wraps are unremarkable but the biggest shock came with the prices and how ridiculously stingy they are with toppings. Ordered a combo with a drink and the cup they gave me was the smallest I've ever seen. I asked about refills and they charge you fifty cents for a cup of ice. Dudes, you might have a decent spot but instead you're just gouging people and treating them like idiots.",2,"sorry chris but you can't please everyone, as for the drinks they are 12 ounces and we have been serving them for 37 years , why don't you opt for a bigger drink, its only a buck more, we don't gouge our costomers and I really resent what you posted, just come back and I will happily give you back your money so I don't have to read reviews like yours"
avis-420,"Meilleur resto grec pour les fins de soirées !! Frites super délicieuses, la sauce tatzaki miam, et la viande cuite au top.",5,merci Moe
avis-421,Bonne restauration rapide,4,
avis-422,Rien de trop méchant. service courtois,4,thanks for the stars guillaume
avis-423,Great classic gyros dinner joint at a fair price.,4,
avis-424,Excellent,5,thanks for the stars Hai we love to see them!!!
avis-425,"Le repas goûte très bon , puis le restaurant est bien accessible.",5,
avis-426,Best poutine with meat in the city tge gyros dammmm deliciosoooo 🔥🔥🔥🙏🏾,5,
avis-427,Très bon,5,
avis-428,Très bons Shish Taouk et excellentes frites maison... Personnel toujours sympathique!,5,
avis-429,La meilleure sauce en ville!,5,
avis-430,Best submarine EVER!,5,thanks for the post and the stars emanuel
avis-431,L'endroit n'est pas propre.les frittes ça goutte de l'eau.,1,just one of those days
avis-432,Best gyros of Montreal ! Been there for over 15 years and still the best . The same boss and workers for years,5,thanks for the post and the stars manue
avis-433,"Best fries, open late. Poutine I would step over my own mother for",5,"thanks for thegreat post but please dont hurt your mother,bring her with you"
avis-434,Greasy and delicious. Fresh fries are perfect.,5,"perfectly put david, thanks for the stars, and the comment"
avis-435,Best Doner period!,5,
avis-436,Good food. the owner is looking like Yanni... having the same voice too... its funny... :-),4,"thanks for the post and the stars Benoit, you think I might be related to yanni?"
avis-437,"Le patron est vraiment sympa, on y est servi rapidement. Le sourire du commis e st à revoir par contre.
La bouffe est vraiment bonne",4,"merci virginie, on aime te servir"
avis-438,Je ne vais là que pour le numéro 7 deux döners. Ils sont délicieux. Bref number 7 for life.,4,"69 for life, thanks for the stars"
avis-439,Always stop here when we visit from ottawa went this past Saturday. My wife went in got 4 sandwiches and poutine then I go in and get xtra 2 sandwiches and poutine  cuz we need back up  to share with family back home and I wasn't about to give one of mine lol that's how good it is .Always a treat here.,5,thanks jauques we love to serve you!!!!
avis-440,"Bonne bouffe qui remplit, mais on peut obtenir mieux pour le prix. Également, on ne peut payer qu'en argent comptant seulement, ce qui complexifie pour les gens qui n'apportent presque plus d'argent comptant avec eux.",3,
avis-441,I've been coming to la ligne rouge since I'm a kid if you are hungry at 3 am after partying all night forget McDonald's and come and have a gyro I ensure you they are the best in town,5,
avis-442,The poutine is awful....thanks god it was a small portion.,2,"bad day, sometimes it happens,sorry"
avis-443,I love this place. I just wish it was faster to get your order. Last time I've waited almost 45 min for 2 doners. There was no meat ready at 6PM.,3,
avis-444,"Mi familia me lo recomendó como muy buen lugar pero es muy desagradable hay muchos mejores de este tipo, el servicio es muy malo y grosero sobre todo un tipo Gordo como si les fueras a pedir gratis ,no hay estacionamiento y el lugar es muy sucio 🤮ultima vez que visito este lugar les recomiendo probar otros hay varios mucho mejores alrededor con una gran calidad.",1,"we are sorry you had a negative experience, we will try to make your next one a good one"
avis-445,Vraiment bon,4,thanks for the stars vincent
avis-446,Damn good,5,thanks for the stars sergio!!!
avis-447,Best Doner in town. Unbeatable!,5,"thanks for the stars ,your the best!!!!"
avis-448,"This place  it's an icon since I've been in Canada I know foisy place. The food is great👌 thk God... 'cause if we were
Had to rate the cashier service",5,thanks for the good words and the stars
avis-449,Gyu,5,thanks for the stars
avis-450,They are the best!!!! Their chicken tastes so good. OMG!!!!,5,"you da man.,,,,thanks for the good words,and the 5 stars!!!!!"
avis-451,"Très bon gyros, frites maison !",4,thanks for the stars
avis-452,This place is so good in the summer with their large opened windows,5,Thanks Vu Lihn!
avis-453,"A classic if you like gyros! Since i was kid, i crave for once in a while and it they never disappoint.",5,
avis-454,Les meilleurs souvlakis a mtl,5,
avis-455,Tabarnack! Best doner in Mtl and cheap,5,Tabarnak! you the best!!!!
avis-456,Je viens d appeler j ai posé une question et je me suis fait raccroché au nez !,1,"maybe it was a wrong number ,sorry,,,,"
avis-457,"Pour le manque d’hygiène et de conscience environnementale, je ne retournerai pas à ce restaurant. Aucun filet pour les cheveux, manipulation
de l’argent avec les gangs graisseux servant à la cuisine... Et tout est servi dans des assiettes en styromousse non recyclable et des fourchettes en plastique.",1,sorry???????????
avis-458,"Filling is much more important than the place, the grumpy guys, the greasy place. Incredible gyros and fries. For the rest, who really cares?",5,"thanks for the stars,and thanks for putting up with us ,love to serve you anytime"
avis-459,Excellent service and very good food ! Small prices and big plates !,5,"Thanks for the post, you are welcome here anytime Valentin!!!"
avis-460,"Service médiocre. Les employés ne connaissent pas la politesse d’après moi. Pas de bonjour, pas de contact visuel, air bête. Je ne recommande pas ce restaurant. Tu te fais parler comme si t’étais de trop.",1,We are saddened by this review :(
avis-461,Good food !!!,5,
avis-462,looks better than it tastes,2,1 more star Dunban...please?
avis-463,Toujours le même super bon goût ils ont la recette des meilleurs Doner au monde,5,Thank you German!
avis-464,La nourriture grecques est très bonne..,5,Merci Roberto!
avis-465,Les Gyros son excellents!,5,Thank you for all the stars Manuel!
avis-466,Excellent gyros.,4,Merci Yvan!
avis-467,I’ve been eating at la ligne rouge for the past 7 years and I love their food. Everything is so fresh! And tastes delicious.  The ambiance is amazing! And the service is excellent!! The BOSS is hilarious . LOVE IT! Absolutely nothing negative to say! I would recommend this restaurant to everyone!,5,We thank you for the kind review Gabriela!
avis-468,La poutine n'est vraiment pas fameuse et le gyro très bof,2,
avis-469,La nourriture est très bonne et le service est impeccable.,5,
avis-470,Les Doners sont à essayé absolument !!,5,
avis-471,Tres mauvais services. Je arriver à manger avec ma femme et le gars me faire sortir car ma femme il mange une autre chose. Terrible!!,1,
avis-472,Tres bon les souvlakis,5,
avis-473,"A true fan and supporter of their delicious food for now more than 12 years. Always had a weakness for gyros and doner and to be honest, they always deliver with great portions that will definitely get you full in no time. Too bad they don't use interac but Its no problem at all; Clients always get more than their money's worth for sure",4,Merci Max!
avis-474,Great fast food place been going for about 12 years... parking is rough,5,
avis-475,"Ok I would normally give 5/5, but the young fat cook was very rude and arrogant to me and my girlfriend. Miss the old workers who would make you feel welcome. Otherwise, food is fantastic and I've been there since I'm a teenager",4,"Thanks Edgar, we appreciate the kind comments. Cheers"
avis-476,"Prices are good, but the meat was really dry",2,
avis-477,Pretty bad. Lots of better places for fast-food.,2,
avis-478,Best chicken shawarma in town at a really fair price.,5,Thank you for the great review Martin!
avis-479,"Bon rapport qualité prix! Service moyen, toutefois.",4,
avis-480,Excellentes frites. Excellent gyros. La sauce à poutine n'est pas la meilleure à mon avis mais le resto en vaut quand même le détour!,4,
avis-481,Best shaworma in town!!!,5,
avis-482,"Le service est tres gentil. Cependant la poutine n'etais vraimemt pas bonne. Je le deconseille. Jai pas essayer les autres chose, possiblement que la poutine nest juste pas leur atrait majeur.",2,
avis-483,Very good food to go,5,
avis-484,"Un fast food vintage grec avec son charme. Leurs rondelles d'oignons sont excellentes et moins chères que partout ailleurs.  À travers la friture, il y a tout de même moyen de s'en sortir avec un plat presque santé.

Leur sauce tzaziki à base de yogourt est excellente dans leur Sandwich pita. Une belle alternative à la mayonnaise à l'ail.

*** Argent comptant seulement ***

Le propriétaire est hyper sympa.  L'ambiance du restaurant est un peu glauque et c'est ce qui fait son charme.",4,
avis-485,The best in the world,5,
avis-486,This place is to die for!,5,
avis-487,Very Good junk food! And excellent friendly and fast service,4,
avis-488,Great gyros!!!,4,
avis-489,"One of my favourite take-outs in the city. They make some damn good poutine and gyros. If you crave something greasy, you won't be disappointed. Be warned of two things, though. One: They take cash only. Two: They have a tendency of taking VERY extended Christmas breaks, which last through the entirety of January. Always miss that place when it happens.",5,
avis-490,"Love the food, love guys even when they rude. It's a classic in the neighbourhood. Been fed at the worst hours thanks to them. Cheers Mike!",5,
avis-491,"Platos de comida rápida estilo libanes. Muy buen precio, atención rápida.",5,
avis-492,"The meat on the roller is NOT chicken. It is actually pork. I was disgusted and disappointed by this. Buyers beware, not real shawarma",1,"Ummm, I guess you are not coming back?"
avis-493,Decent food; no need to dress fancy for the occasion,4,"It doesn't hurt to dress up when dining here, makes the place that much more classier. Thanks Julie"
avis-494,Excellent les meilleurs souvlakys à Montreal,5,
avis-495,"Best late night snack you can get, their doners and poutine also make the best hangover food.",5,
avis-496,"Petit grecque qui ne paye pas de mine mais qui vous surprendra par la qualité de ces plats.
N'y allé pas si vous cherchez des options ""taille fine"" ou un service à la clientèle incroyable (ils ont des jours avec et des jours sans). Mais le ""numéro 1"" est toujours un choix gagnant

PS: Il ne prennent que du Cash mais on un ATM qui ne prends presque rien, 1-2 dollarset une machine à Bitcoins",4,
avis-497,Sooooo goooooooood,5,
avis-498,DÉGEULASSE ! Déja que la nourriture n'était pas très excellent à la base j'ai trouver une larve dans mon cabaret Sa ma completement dégoûter. Celui qui prend ma commande s'essuie le front plein de sueur avec sa main et les laves pas. 3 seconde plus tard ton hot-dog est manipulé avec cette meme main pleine de sueur.,1,
avis-499,"Nous etions 4 travailleurs
Expetience hilarante
Trois gros sals derrieres le comptoir, tous en sueur, sans filet, sans gants a preparer notre bouffe
1 seul d'entre nous a termine son assiette apres la decouverte d'une bestiole dans une poutine.

N'invitez jamais une fille au premier RDV a cet endroit.",1,
avis-500,"Un classique du coin, excellente bouffe!",4,
avis-501,"Souvent du mauvais service tard le soir, mais la bouffe est un classique donc ce qu'on peut s'attendre pour de la malbouffe.",3,
avis-502,Pire service que j'ai reçu de toute ma vie. Le caissier est agressif et très impoli sans aucune raison avec les clients.,1,
avis-503,"Fidèle à la ligne rouge depuis plusieurs années, produits de bonne qualité, portions généreuses, bon service. A essayer sans tarder!",5,
avis-504,De la bonne mal bouffe. N'y allez PAS pour la qualité du service...,4,
avis-505,#7 anyday all day !!!!,5,
avis-506,"Amazing portions of great food. Easily split a plate between two people, and so tasty!",5,
avis-507,Fast food,3,
avis-508,Super bon je pourrais en manger tout les jours,5,
avis-509,Bon service et excellent doner!,5,
avis-510,La poutine!,4,
avis-511,Best gyros and french fries in town.,5,
avis-512,Je viens de rentrer le gars me regarde comme si j'avais pas d'affaires ici et continue de parler de ces trucs avec son collègue. D'autres clients​ viennent de rentrer pas d'entoutsiasme ni de bonsoir pour eux aussi. Même si la bouffe est bonne je ne reviendrai pas.,1,
avis-513,Service rapide bonne portion,5,
avis-514,Just ordered a meat poutine and Im not sharing 😝 fries are awesome meat is super tasty and portions are good will go back for sure good job guys !,5,
avis-515,La bouffe est juste trop bonne....Un bon comfort food!!,5,
avis-516,"Good portions , great gyros and close to home",5,
avis-517,"Selon moi, meilleur kebab et doner a Montréal. Pour le prix et la qualite, on n'as rien a se plaintre au niveau du service. Je fais souvent emporter.",4,
avis-518,Best Pita in Mtl !! and their frites are excelent,5,
avis-519,"Very nice poutine, come starving and leave with a full belly",5,
avis-520,Les meilleur souvlaki de Montréalll!!!!!,5,
avis-521,Les meilleurs donners en ville,5,
avis-522,Meilleur souvlaki à Mtl!!!,5,
avis-523,À vos risques et périls!,1,
avis-524,Best doner in the whole province hands down !!!,5,
avis-525,My favorite place to eat,5,
avis-526,Belle place pour attendre l'autobus a 3h du matin.,4,
avis-527,"I grew up with La Ligne Rouge, now imagine my kids are enjoying it as much .
Just the longevity of the place tells you that it's not only a restaurant but an institution.",5,
avis-528,Decent fast food. Doners are awesome here but the cook is annoyingly grumpy to customers.,4,
avis-529,pas exceptionnel mais correct,3,
avis-530,"La nourriture est pas bonne. Les frites sont cramées, ya trop de Mayo dans le sandwich en plus le service est à revoir. Bref je le conseille pas",1,
avis-531,ARK! Le gars est bête en plus il est toujours en train de transpirer! il s'essuie toujours le front et ne lave pas ses mains. CEST EXTREMENT MALPROPRE J'IRAI PLUS JAMAIS LABAS!!!!!!!,1,
avis-532,Excellents souvlakis.,4,
avis-533,"Le gars qui sert souvent la bouffe est pas mal bette, pas agréable du tout, on dirait qu'il faut tout le temps gueulé avec lui.

J'ai commandé des hots dogs la dernière fois et j'ai vraiment été dessus, ça semblait waste et les frites aussi était pas super.

J'ai juste tellement pas aimé le service à clientèle que j'y retournerai pas si c'est juste moi.",1,
avis-534,"Comme d'autres personnes l'ont dit précédemment, le service est vraiment médiocre et le molosse derrière le comptoir semble vouloir t'arracher la tête parce que tu commandes gentiment un #8. Disons que la classe n'est pas au rendez-vous sur la ligne rouge. Toutefois, le souflaki n'était pas mauvais, ce qui vaut à ce resto ces deux petites étoiles.",2,
avis-535,"The food is so comforting and delicious! I've been eating here since I was young.

Poutine with the fries well done! The fries are so potatoe-y and when you ask for it to be well done and the sauce drips over a part of it, its crispy at some parts and soft and saucy in other parts. The sauce is so flavourful because its made from the drippings of the doner meat. Getting the poutine with meat is super good too!

A souvlaki plate is good for sharing but if you want the full experience you should just get the doner, all dressed. Im not a big fan of the submarine because I dont like the bread and it gets soggy from all the sauce and cheese but the flavour is good. My favorite onion rings are from here because when you bite into the onion ring, the onion doesnt come out of the batter (which is what determines a good onion ring). It's crispy and the batter isnt too thick.

Just so so so good! I recommend this place to everyone!

The only complaint is the doners are lacking meat, especially because I know how fully loaded they were back in the days.",5,
avis-536,"Best poutine in town,  you can't go wrong",5,
avis-537,"Vraiment bon, la sauce souvlaki est excellente!",5,
avis-538,Great sandwiches & Poutine. Friendly people. No parking.,4,
avis-539,Meilleur souvlaki et pita à Montréal!,5,
avis-540,"La meilleur viande ""doner"" en ville, je mange à la ligne rouge depuis 1983!",5,
avis-541,"If you can get past the grumpy staff and shabby decor, the food is really worth your time. Mostly souvlaki with a fair bit of grease.",4,
avis-542,"Horrible waiting times at peak hours. The guy behind the counter looks like he s gonna rip u apart, on good days. Parking s horrible to non existing, and when u park in front, the ticket s about 100$ cuz there s a bus stop. It s not the cleanest... BUT THE FOOD S AMAZING!!!",5,
avis-543,"went to this place when I was in a hurry and discovered, after I ordered, that it would take  half an hour to order.the food was not so great and the fries neither.the only good things was that hockey was on",2,
avis-544,A decent greasy Greek - style joint.,4,
avis-545,Excellent souvlaki et extreme hot dog la nuit!,4,
avis-546,"Un bon #4 avec choux, moutarde, mayonnaise, excellent et pas chère !",4,
avis-547,great food reasonable price only downfall is that its not open 24/7 and closed on sundays,5,
avis-548,Simply amazing!,5,
avis-549,"Le meilleur souvlaki pita que j'ai mangé, ça change des brochettes à moitié brulées et trop cuites.",4,
avis-550,Great Greek food fast.,5,
avis-551,"Le sandwich était bien bon, j'ai vraiment apprécié.",3,
